key1,4vdK0K1Z8LPmLNBv9fFBGRuzogdnP9hL
key2,y2yXxM6FC9XUHI4KzkTCsvxHGRKZKWVO
key3,0fIaWysuTwB0yA6pbWYSFiwbuP7kezFK
key4,9sy8B4q5hjlkLGSRheGr8ES0qAwClp6v
key5,IDy1NotnsXRMQhaTCIifN9my9RRTaCno
key6,8QohpT5YEgrkySGmXM2y40HVP31z7P6C
key7,3G1GoHZN9SI9vLo86YYplfXo92WgkYL2
key8,KGYkoFyYbumiY5iofIeZ2Sz3Qwl0dqUm
key9,RtxQQsqajjOo5bAC9b0SCzY2PHC8j8FF
key10,01esYaSVS73IynskVMBqY2FKWLDiyrHp
key11,HgiutFdoWkKznSS7MhKxGbG7GpZR5H0s
key12,dvm7peKfL3spkYRaLzLzqGVSY9j2hXuS
key13,6AK9XOQmFRWAjQHdjfzdNBTxtIjjAjdm
key14,1TLhvzPEHH51SfK84bzOxIRSxHUe6u4Y
key15,EbBFkg00kvMYoboGOrMRaQ3vUKaoFoY4
key16,AhL85b4Kz08YagalTIs7KNbNGZz1waVL
key17,Y9lBAwZY2eDXh3oWYWlutaAfkGiTEVCl
key18,43URb7W1281q2yYTXEnrlVDU31hhCGAU
key19,9EaLULgSd7p6xhw86EHakqMn2sDehbs2
key20,No3Nc4zPfeeACQ1OE2poSM9Lp8XFalZ6
